{"_step":1809,"step":1809,"loss":0.04398101940751076,"_timestamp":1.7347197711969907e+09,"_wandb":{"runtime":8303},"_runtime":8299.308649439}