{"_wandb":{"runtime":27012},"step":1809,"loss":0.020904604345560074,"_timestamp":1.7347777518113754e+09,"_runtime":27007.078665492,"_step":5432,"epoch":3,"val_loss":0.009546611614736609}