{"_runtime":24346.087871733,"train_loss":1.366336659193039,"train_runtime":24331.2681,"eval/steps_per_second":11.748,"train/grad_norm":1.094811201095581,"train/global_step":6000,"_step":121,"train/epoch":3,"eval/samples_per_second":187.974,"total_flos":2.0891283545810534e+17,"_timestamp":1.7348197164938576e+09,"train_steps_per_second":0.247,"eval/runtime":21.2795,"train_samples_per_second":3.946,"train/learning_rate":1.6666666666666667e-08,"train/loss":1.177,"eval/loss":1.494692325592041,"_wandb":{"runtime":24352}}