{"eval/loss":2.278473138809204,"eval/samples_per_second":227.577,"train_samples_per_second":5.618,"total_flos":3.8643518347935744e+17,"eval/runtime":17.5765,"_timestamp":1.7359234887166748e+09,"train/grad_norm":2.983384609222412,"_step":120,"train/epoch":3,"train_loss":1.5756214243570963,"train/loss":0.9706,"_runtime":17136.201601992,"_wandb":{"runtime":17146},"train_steps_per_second":0.176,"train_runtime":17086.8683,"train/global_step":3000,"eval/steps_per_second":7.112,"train/learning_rate":4.2e-07}