{"total_flos":2.0784454843550925e+17,"_timestamp":1.7348688998316267e+09,"_wandb":{"runtime":22852},"train_loss":0.015710092624028525,"train/learning_rate":3e-05,"eval/steps_per_second":9.013,"_step":121,"train_runtime":22839.743,"train_samples_per_second":4.203,"train_steps_per_second":0.263,"_runtime":22845.772462046,"train/grad_norm":NaN,"train/loss":0.0076,"train/epoch":3,"eval/runtime":27.7376,"eval/samples_per_second":144.209,"eval/loss":NaN,"train/global_step":6000}