{"train/grad_norm":1.6076931953430176,"train_steps_per_second":0.254,"train/loss":1.6181,"train/epoch":3,"eval/loss":2.0515401363372803,"train/global_step":6000,"eval/runtime":20.677,"train_loss":1.8760354531208674,"eval/steps_per_second":12.091,"eval/samples_per_second":193.452,"_runtime":23660.866870102,"train_runtime":23642.3829,"total_flos":2.0891283545810534e+17,"train/learning_rate":2.5000000000000002e-08,"_step":121,"train_samples_per_second":4.061,"_timestamp":1.734947283126333e+09,"_wandb":{"runtime":23668}}