{"_wandb":{"runtime":2287},"step":499,"loss":0.15179243683815002,"_timestamp":1.7347112198755481e+09,"_runtime":2285.113943424,"_step":499}